{
  "0": {
    "width": 0.55615234375,
    "height": 1.1318359375,
    "ascent": 0.921875,
    "descent": -0.2099609375
  },
  "1": {
    "width": 0.55615234375,
    "height": 1.1318359375,
    "ascent": 0.921875,
    "descent": -0.2099609375
  },
  "2": {
    "width": 0.55615234375,
    "height": 1.1318359375,
    "ascent": 0.921875,
    "descent": -0.2099609375
  },
  "3": {
    "width": 0.55615234375,
    "height": 1.1318359375,
    "ascent": 0.921875,
    "descent": -0.2099609375
  },
  "4": {
    "width": 0.55615234375,
    "height": 1.1318359375,
    "ascent": 0.921875,
    "descent": -0.2099609375
  },
  "5": {
    "width": 0.55615234375,
    "height": 1.1318359375,
    "ascent": 0.921875,
    "descent": -0.2099609375
  },
  "6": {
    "width": 0.55615234375,
    "height": 1.1318359375,
    "ascent": 0.921875,
    "descent": -0.2099609375
  },
  "7": {
    "width": 0.55615234375,
    "height": 1.1318359375,
    "ascent": 0.921875,
    "descent": -0.2099609375
  },
  "8": {
    "width": 0.55615234375,
    "height": 1.1318359375,
    "ascent": 0.921875,
    "descent": -0.2099609375
  },
  "9": {
    "width": 0.55615234375,
    "height": 1.1318359375,
    "ascent": 0.921875,
    "descent": -0.2099609375
  },
  "-": {
    "width": 0.3330078125,
    "height": 1.1318359375,
    "ascent": 0.921875,
    "descent": -0.2099609375
  },
  "=": {
    "width": 0.583984375,
    "height": 1.1318359375,
    "ascent": 0.921875,
    "descent": -0.2099609375
  },
  "q": {
    "width": 0.55615234375,
    "height": 1.1318359375,
    "ascent": 0.921875,
    "descent": -0.2099609375
  },
  "w": {
    "width": 0.72216796875,
    "height": 1.1318359375,
    "ascent": 0.921875,
    "descent": -0.2099609375
  },
  "e": {
    "width": 0.55615234375,
    "height": 1.1318359375,
    "ascent": 0.921875,
    "descent": -0.2099609375
  },
  "r": {
    "width": 0.3330078125,
    "height": 1.1318359375,
    "ascent": 0.921875,
    "descent": -0.2099609375
  },
  "t": {
    "width": 0.27783203125,
    "height": 1.1318359375,
    "ascent": 0.921875,
    "descent": -0.2099609375
  },
  "y": {
    "width": 0.5,
    "height": 1.1318359375,
    "ascent": 0.921875,
    "descent": -0.2099609375
  },
  "u": {
    "width": 0.55615234375,
    "height": 1.1318359375,
    "ascent": 0.921875,
    "descent": -0.2099609375
  },
  "i": {
    "width": 0.22802734375,
    "height": 1.1318359375,
    "ascent": 0.921875,
    "descent": -0.2099609375
  },
  "o": {
    "width": 0.55615234375,
    "height": 1.1318359375,
    "ascent": 0.921875,
    "descent": -0.2099609375
  },
  "p": {
    "width": 0.55615234375,
    "height": 1.1318359375,
    "ascent": 0.921875,
    "descent": -0.2099609375
  },
  "[": {
    "width": 0.27783203125,
    "height": 1.1318359375,
    "ascent": 0.921875,
    "descent": -0.2099609375
  },
  "]": {
    "width": 0.27783203125,
    "height": 1.1318359375,
    "ascent": 0.921875,
    "descent": -0.2099609375
  },
  "\\": {
    "width": 0.27783203125,
    "height": 1.1318359375,
    "ascent": 0.921875,
    "descent": -0.2099609375
  },
  "a": {
    "width": 0.55615234375,
    "height": 1.1318359375,
    "ascent": 0.921875,
    "descent": -0.2099609375
  },
  "s": {
    "width": 0.5,
    "height": 1.1318359375,
    "ascent": 0.921875,
    "descent": -0.2099609375
  },
  "d": {
    "width": 0.55615234375,
    "height": 1.1318359375,
    "ascent": 0.921875,
    "descent": -0.2099609375
  },
  "f": {
    "width": 0.27783203125,
    "height": 1.1318359375,
    "ascent": 0.921875,
    "descent": -0.2099609375
  },
  "g": {
    "width": 0.55615234375,
    "height": 1.1318359375,
    "ascent": 0.921875,
    "descent": -0.2099609375
  },
  "h": {
    "width": 0.55615234375,
    "height": 1.1318359375,
    "ascent": 0.921875,
    "descent": -0.2099609375
  },
  "j": {
    "width": 0.22802734375,
    "height": 1.1318359375,
    "ascent": 0.921875,
    "descent": -0.2099609375
  },
  "k": {
    "width": 0.5,
    "height": 1.1318359375,
    "ascent": 0.921875,
    "descent": -0.2099609375
  },
  "l": {
    "width": 0.22802734375,
    "height": 1.1318359375,
    "ascent": 0.921875,
    "descent": -0.2099609375
  },
  ";": {
    "width": 0.27783203125,
    "height": 1.1318359375,
    "ascent": 0.921875,
    "descent": -0.2099609375
  },
  "'": {
    "width": 0.19091796875,
    "height": 1.1318359375,
    "ascent": 0.921875,
    "descent": -0.2099609375
  },
  "z": {
    "width": 0.5,
    "height": 1.1318359375,
    "ascent": 0.921875,
    "descent": -0.2099609375
  },
  "x": {
    "width": 0.5,
    "height": 1.1318359375,
    "ascent": 0.921875,
    "descent": -0.2099609375
  },
  "c": {
    "width": 0.5,
    "height": 1.1318359375,
    "ascent": 0.921875,
    "descent": -0.2099609375
  },
  "v": {
    "width": 0.5,
    "height": 1.1318359375,
    "ascent": 0.921875,
    "descent": -0.2099609375
  },
  "b": {
    "width": 0.55615234375,
    "height": 1.1318359375,
    "ascent": 0.921875,
    "descent": -0.2099609375
  },
  "n": {
    "width": 0.55615234375,
    "height": 1.1318359375,
    "ascent": 0.921875,
    "descent": -0.2099609375
  },
  "m": {
    "width": 0.8330078125,
    "height": 1.1318359375,
    "ascent": 0.921875,
    "descent": -0.2099609375
  },
  ",": {
    "width": 0.27783203125,
    "height": 1.1318359375,
    "ascent": 0.921875,
    "descent": -0.2099609375
  },
  ".": {
    "width": 0.27783203125,
    "height": 1.1318359375,
    "ascent": 0.921875,
    "descent": -0.2099609375
  },
  "/": {
    "width": 0.27783203125,
    "height": 1.1318359375,
    "ascent": 0.921875,
    "descent": -0.2099609375
  },
  "Z": {
    "width": 0.61083984375,
    "height": 1.1318359375,
    "ascent": 0.921875,
    "descent": -0.2099609375
  },
  "X": {
    "width": 0.6669921875,
    "height": 1.1318359375,
    "ascent": 0.921875,
    "descent": -0.2099609375
  },
  "C": {
    "width": 0.72216796875,
    "height": 1.1318359375,
    "ascent": 0.921875,
    "descent": -0.2099609375
  },
  "V": {
    "width": 0.6669921875,
    "height": 1.1318359375,
    "ascent": 0.921875,
    "descent": -0.2099609375
  },
  "B": {
    "width": 0.6669921875,
    "height": 1.1318359375,
    "ascent": 0.921875,
    "descent": -0.2099609375
  },
  "N": {
    "width": 0.72216796875,
    "height": 1.1318359375,
    "ascent": 0.921875,
    "descent": -0.2099609375
  },
  "M": {
    "width": 0.8330078125,
    "height": 1.1318359375,
    "ascent": 0.921875,
    "descent": -0.2099609375
  },
  "<": {
    "width": 0.583984375,
    "height": 1.1318359375,
    "ascent": 0.921875,
    "descent": -0.2099609375
  },
  ">": {
    "width": 0.583984375,
    "height": 1.1318359375,
    "ascent": 0.921875,
    "descent": -0.2099609375
  },
  "?": {
    "width": 0.55615234375,
    "height": 1.1318359375,
    "ascent": 0.921875,
    "descent": -0.2099609375
  },
  "A": {
    "width": 0.6669921875,
    "height": 1.1318359375,
    "ascent": 0.921875,
    "descent": -0.2099609375
  },
  "S": {
    "width": 0.6669921875,
    "height": 1.1318359375,
    "ascent": 0.921875,
    "descent": -0.2099609375
  },
  "D": {
    "width": 0.72216796875,
    "height": 1.1318359375,
    "ascent": 0.921875,
    "descent": -0.2099609375
  },
  "F": {
    "width": 0.61083984375,
    "height": 1.1318359375,
    "ascent": 0.921875,
    "descent": -0.2099609375
  },
  "G": {
    "width": 0.77783203125,
    "height": 1.1318359375,
    "ascent": 0.921875,
    "descent": -0.2099609375
  },
  "H": {
    "width": 0.72216796875,
    "height": 1.1318359375,
    "ascent": 0.921875,
    "descent": -0.2099609375
  },
  "J": {
    "width": 0.5,
    "height": 1.1318359375,
    "ascent": 0.921875,
    "descent": -0.2099609375
  },
  "K": {
    "width": 0.6669921875,
    "height": 1.1318359375,
    "ascent": 0.921875,
    "descent": -0.2099609375
  },
  "L": {
    "width": 0.55615234375,
    "height": 1.1318359375,
    "ascent": 0.921875,
    "descent": -0.2099609375
  },
  ":": {
    "width": 0.27783203125,
    "height": 1.1318359375,
    "ascent": 0.921875,